name,handle,platform,followerCount,email,profileUrl,niche
Luna the Golden,luna_thegolden,instagram,45000,luna.owner@email.com,https://instagram.com/luna_thegolden,golden retriever
Max's Adventures,maxtheaussie,instagram,38000,max.owner@email.com,https://instagram.com/maxtheaussie,australian shepherd
Fluffy Cloud Samoyed,fluffycloudsamoyed,instagram,52000,fluffy.owner@email.com,https://instagram.com/fluffycloudsamoyed,samoyed
Charlie the Corgi,charliethecorgi,instagram,41000,charlie.owner@email.com,https://instagram.com/charliethecorgi,corgi
Milo's Daily Life,milosdailylife,instagram,35000,milo.owner@email.com,https://instagram.com/milosdailylife,mixed breed
Bella the Frenchie,bellathefrenchie,instagram,68000,bella.owner@email.com,https://instagram.com/bellathefrenchie,french bulldog
Cooper the Doodle,cooperthedoodle,instagram,29000,cooper.owner@email.com,https://instagram.com/cooperthedoodle,goldendoodle
Daisy Paws,daisypawsofficial,instagram,31000,daisy.owner@email.com,https://instagram.com/daisypawsofficial,beagle
Oliver the Husky,oliverthehusky,instagram,72000,oliver.owner@email.com,https://instagram.com/oliverthehusky,siberian husky
Sophie's World,sophies_world_,instagram,25000,sophie.owner@email.com,https://instagram.com/sophies_world_,poodle
Buddy the Lab,buddythelabrador,instagram,44000,buddy.owner@email.com,https://instagram.com/buddythelabrador,labrador
Rocky Mountain Pup,rockymountainpup,instagram,36000,rocky.owner@email.com,https://instagram.com/rockymountainpup,bernese mountain dog
Coco's Adventures,cocoadventures,instagram,28000,coco.owner@email.com,https://instagram.com/cocoadventures,chocolate lab
Teddy Bear Pup,teddybearpup,instagram,49000,teddy.owner@email.com,https://instagram.com/teddybearpup,pomeranian
Stella the Pittie,stellathepittie,instagram,33000,stella.owner@email.com,https://instagram.com/stellathepittie,pitbull
Duke's Daily,dukesdaily,instagram,27000,duke.owner@email.com,https://instagram.com/dukesdaily,german shepherd
Penny Lane Pup,pennylane_pup,instagram,39000,penny.owner@email.com,https://instagram.com/pennylane_pup,cavalier king charles
Toby the Terrier,tobythe_terrier,instagram,24000,toby.owner@email.com,https://instagram.com/tobythe_terrier,yorkshire terrier
Willow the Weim,willowtheweim,instagram,42000,willow.owner@email.com,https://instagram.com/willowtheweim,weimaraner
Zeus the Great,zeusthegreatdane,instagram,61000,zeus.owner@email.com,https://instagram.com/zeusthegreatdane,great dane
Mia's Moments,mias_moments,instagram,26000,mia.owner@email.com,https://instagram.com/mias_moments,shih tzu
Jasper the Spaniel,jasperthespaniel,instagram,37000,jasper.owner@email.com,https://instagram.com/jasperthespaniel,cocker spaniel
Bailey the Boxer,baileytheboxer,instagram,30000,bailey.owner@email.com,https://instagram.com/baileytheboxer,boxer
Rosie the Rescue,rosietherescue,instagram,48000,rosie.owner@email.com,https://instagram.com/rosietherescue,rescue dog
Finn the Shepherd,finntheshepherd,instagram,34000,finn.owner@email.com,https://instagram.com/finntheshepherd,australian shepherd
Lola's Life,lolas_life_,instagram,29000,lola.owner@email.com,https://instagram.com/lolas_life_,dachshund
Murphy's Tales,murphystales,instagram,43000,murphy.owner@email.com,https://instagram.com/murphystales,irish setter
Sadie Sunshine,sadiesunshine,instagram,32000,sadie.owner@email.com,https://instagram.com/sadiesunshine,golden retriever
Bear the Floof,bearthefloof,instagram,55000,bear.owner@email.com,https://instagram.com/bearthefloof,newfoundland
Lucy Lou Who,lucylou_who,instagram,27000,lucy.owner@email.com,https://instagram.com/lucylou_who,beagle mix
Oscar's Adventures,oscars_adventures,instagram,40000,oscar.owner@email.com,https://instagram.com/oscars_adventures,border collie
Molly the Maltese,mollythemaltese,instagram,23000,molly.owner@email.com,https://instagram.com/mollythemaltese,maltese
Tucker Time,tuckertime,instagram,35000,tucker.owner@email.com,https://instagram.com/tuckertime,lab mix
Ruby Red,rubyred_pup,instagram,31000,ruby.owner@email.com,https://instagram.com/rubyred_pup,vizsla
Jack the Jack,jackthejackrussell,instagram,28000,jack.owner@email.com,https://instagram.com/jackthejackrussell,jack russell
Zoe's Zoo,zoeszoo,instagram,46000,zoe.owner@email.com,https://instagram.com/zoeszoo,multi-pet account
Gus the Good Boy,gusgoodboy,instagram,33000,gus.owner@email.com,https://instagram.com/gusgoodboy,labradoodle
Pepper the Pup,pepperthepup,instagram,29000,pepper.owner@email.com,https://instagram.com/pepperthepup,schnauzer
Marley's World,marleys_world,instagram,51000,marley.owner@email.com,https://instagram.com/marleys_world,golden retriever
Archie the Aussie,archietheaussie,instagram,36000,archie.owner@email.com,https://instagram.com/archietheaussie,australian shepherd
Hazel Eyes,hazeleyes_pup,instagram,25000,hazel.owner@email.com,https://instagram.com/hazeleyes_pup,husky mix
Bentley's Best,bentleysbest,instagram,42000,bentley.owner@email.com,https://instagram.com/bentleysbest,bernedoodle
Ellie Mae,elliemae_pup,instagram,30000,ellie.owner@email.com,https://instagram.com/elliemae_pup,springer spaniel
Peanut Butter Pup,peanutbutterpup,instagram,27000,peanut.owner@email.com,https://instagram.com/peanutbutterpup,chihuahua
Winston's World,winstons_world,instagram,39000,winston.owner@email.com,https://instagram.com/winstons_world,english bulldog
Nala the Queen,nalathequeen,instagram,44000,nala.owner@email.com,https://instagram.com/nalathequeen,german shepherd
Ollie's Outings,ollies_outings,instagram,32000,ollie.owner@email.com,https://instagram.com/ollies_outings,shiba inu
Gracie Girl,graciegirl_pup,instagram,26000,gracie.owner@email.com,https://instagram.com/graciegirl_pup,golden retriever
Leo the Lion,leothelion,instagram,48000,leo.owner@email.com,https://instagram.com/leothelion,chow chow
Chloe's Chronicles,chloes_chronicles,instagram,31000,chloe.owner@email.com,https://instagram.com/chloes_chronicles,poodle mix
Remy the Frenchie,remythefrenchie,tiktok,120000,remy.owner@email.com,https://tiktok.com/@remythefrenchie,french bulldog
Mochi the Shiba,mochitheshiba,tiktok,95000,mochi.owner@email.com,https://tiktok.com/@mochitheshiba,shiba inu
Bruno's Life,brunoslife,tiktok,78000,bruno.owner@email.com,https://tiktok.com/@brunoslife,rottweiler
Koda Bear,kodabear,tiktok,110000,koda.owner@email.com,https://tiktok.com/@kodabear,alaskan malamute
Simba the King,simbaking,tiktok,88000,simba.owner@email.com,https://tiktok.com/@simbaking,golden retriever
Pickles the Pug,picklesthepug,tiktok,92000,pickles.owner@email.com,https://tiktok.com/@picklesthepug,pug
Tank the Bully,tankthebully,tiktok,75000,tank.owner@email.com,https://tiktok.com/@tankthebully,american bully
Luna Lovegood,lunalovegoodpup,tiktok,103000,lunalove.owner@email.com,https://tiktok.com/@lunalovegoodpup,husky
Maple the Aussie,mapletheaussie,tiktok,67000,maple.owner@email.com,https://tiktok.com/@mapletheaussie,mini aussie
Prince the Pom,princethepom,tiktok,81000,prince.owner@email.com,https://tiktok.com/@princethepom,pomeranian
Scout's Adventures,scoutsadventures,tiktok,72000,scout.owner@email.com,https://tiktok.com/@scoutsadventures,border collie
Biscuit the Corgi,biscuitthecorgi,tiktok,115000,biscuit.owner@email.com,https://tiktok.com/@biscuitthecorgi,corgi
Diesel the Doberman,dieselthedoberman,tiktok,69000,diesel.owner@email.com,https://tiktok.com/@dieselthedoberman,doberman
Poppy the Poodle,poppythepoodle,tiktok,84000,poppy.owner@email.com,https://tiktok.com/@poppythepoodle,toy poodle
Thor the Thunder,thorthethunder,tiktok,97000,thor.owner@email.com,https://tiktok.com/@thorthethunder,rottweiler
Cookie Dough,cookiedoughpup,tiktok,76000,cookie.owner@email.com,https://tiktok.com/@cookiedoughpup,goldendoodle
Atlas the Giant,atlasthegiant,tiktok,89000,atlas.owner@email.com,https://tiktok.com/@atlasthegiant,great dane
Honey Bee,honeybee_pup,tiktok,71000,honey.owner@email.com,https://tiktok.com/@honeybee_pup,golden retriever
Midnight the Black Lab,midnightblacklab,tiktok,79000,midnight.owner@email.com,https://tiktok.com/@midnightblacklab,black lab
Snowball the Samoyed,snowballsamoyed,tiktok,108000,snowball.owner@email.com,https://tiktok.com/@snowballsamoyed,samoyed
River the Retriever,rivertheretriever,tiktok,73000,river.owner@email.com,https://tiktok.com/@rivertheretriever,labrador
Blue the Heeler,bluetheheeler,tiktok,86000,blue.owner@email.com,https://tiktok.com/@bluetheheeler,blue heeler
Moose the Mastiff,moosethemastiff,tiktok,68000,moose.owner@email.com,https://tiktok.com/@moosethemastiff,mastiff
Cinnamon Roll,cinnamonroll_pup,tiktok,91000,cinnamon.owner@email.com,https://tiktok.com/@cinnamonroll_pup,shih tzu
Storm the Husky,stormthehusky,tiktok,104000,storm.owner@email.com,https://tiktok.com/@stormthehusky,husky
Pebbles the Pittie,pebblesthepittie,tiktok,77000,pebbles.owner@email.com,https://tiktok.com/@pebblesthepittie,pitbull
Cedar the Shepherd,cedartheshepherd,tiktok,82000,cedar.owner@email.com,https://tiktok.com/@cedartheshepherd,german shepherd
Waffles the Westie,wafflesthewestie,tiktok,74000,waffles.owner@email.com,https://tiktok.com/@wafflesthewestie,west highland terrier
Phoenix Rising,phoenixrising_pup,tiktok,93000,phoenix.owner@email.com,https://tiktok.com/@phoenixrising_pup,husky mix
Blossom the Beagle,blossomthebeagle,tiktok,70000,blossom.owner@email.com,https://tiktok.com/@blossomthebeagle,beagle
Ranger the Rover,rangertherover,tiktok,85000,ranger.owner@email.com,https://tiktok.com/@rangertherover,mixed breed
Sugar the Spitz,sugarthespitz,tiktok,78000,sugar.owner@email.com,https://tiktok.com/@sugarthespitz,japanese spitz
Bandit the Border,bandittheborder,tiktok,80000,bandit.owner@email.com,https://tiktok.com/@bandittheborder,border collie
Casper the Ghost,caspertheghost,tiktok,96000,casper.owner@email.com,https://tiktok.com/@caspertheghost,white german shepherd
Buttercup's Days,buttercupsdays,tiktok,72000,buttercup.owner@email.com,https://tiktok.com/@buttercupsdays,labradoodle
Shadow the Shepherd,shadowshepherd,tiktok,87000,shadow.owner@email.com,https://tiktok.com/@shadowshepherd,belgian malinois
Oreo the Cookie,oreothecookie,tiktok,99000,oreo.owner@email.com,https://tiktok.com/@oreothecookie,border collie
Sunny Days Ahead,sunnydaysahead,tiktok,75000,sunny.owner@email.com,https://tiktok.com/@sunnydaysahead,golden retriever
Charlie Brown Pup,charliebrown_pup,tiktok,83000,charlieb.owner@email.com,https://tiktok.com/@charliebrown_pup,beagle
Midnight Snack,midnightsnack_pup,tiktok,71000,midnights.owner@email.com,https://tiktok.com/@midnightsnack_pup,black lab mix
Duchess the Diva,duchessdiva,tiktok,94000,duchess.owner@email.com,https://tiktok.com/@duchessdiva,yorkshire terrier
Captain the Corgi,captainthecorgi,tiktok,101000,captain.owner@email.com,https://tiktok.com/@captainthecorgi,corgi
Bubbles the Bichon,bubblesthebichon,tiktok,69000,bubbles.owner@email.com,https://tiktok.com/@bubblesthebichon,bichon frise
Rocket the Racer,rockettheracer,tiktok,88000,rocket.owner@email.com,https://tiktok.com/@rockettheracer,whippet
Mocha the Maltipoo,mochamaltipoo,tiktok,76000,mocha.owner@email.com,https://tiktok.com/@mochamaltipoo,maltipoo
Tiger the Tabby,tigerthetabby,tiktok,90000,tiger.owner@email.com,https://tiktok.com/@tigerthetabby,cat (tabby)
Peaches and Cream,peachesandcream_,instagram,53000,peaches.owner@email.com,https://instagram.com/peachesandcream_,two dogs account
